     B6      B SUNDRIES                     
     C6      C SUNDRIES                     
     H6      H SUNDRIES                     
     L6      L SUNDRIES                     
     M6      M SUNDRIES                     
     O6      O SUNDRIES                     
     S6      S SUNDRIES                     
     T6      MISC T'S                       
     U6      U SUNDRIES                     
     W6      W SUNDRIES                     
     R10     ROYAL BANK INVOICE FINANCE     LEE HOUSE, 90 GREAT BRIDGEWATER ST, MANCHESTER, M1 5JW
     1245    TOOLBANK                       
     PORK    BRUSH AND HANDLE COMPLETE      , ESSEX   IG11 7BT
     VISA    BARCLAYCARD                    BARCLAYCARD HOUSE, MASSEY ROAD, STOCKTON ON TEES, TS17 6EX
     MO001   MODERN HANDLING SERVICES LTD   UNIT 21, GEORGE STREET, MILNBRIDGE, HUDDERSFIELD
     1&1001  1 & 1 INTERNET LTD             THE NOVA BUILDING, HERSCHEL STREET, SLOUGH, SL1 1XS
     ABB001  ABBEY INVESTIGATIONS LTD       ABBEY HOUSE, 18 SHAW ROAD, STOCKPORT, SK4 4AE
     ABB002  ABBA PRINT CO LTD              THE MEDIA CENTRE, HENSTAFF COURT, GROESFAEN, CARDIFF, CF72 8NG
     ABB003  ABBEY SPARES & SUPPLIES LTD    UNIT 5B TOP BARN BUS.CENTRE, WORCESTER ROAD, HOLT HEATH WORCESTERSHIRE, WR6 6NH
     ABC001  ABC FIRE PROTECTION LTD        GATE FARM, SCAR BOTTOM LANE, GREETLAND, HALIFAX., HX4 8NW.
     ABC002  AB COPYRIGHT LTD               WHITEHALL CHAMBERS, HALIFAX ROAD, HIPPERHOLME, HALIFAX, HX3 8EN
     ABO001  ANDREW BOOTHROYD               MOTOR ENGINEER, 12 HIGHFIELD AVENUE, MELTHAM, HOLMFIRTH, HD9 5RF
     ACO001  ACORN CLEANING EQUIPMENT       A1 GLEDHOLT IND PARK, PADDOCK, HUDDERSFIELD, HD1 4SB
     ACO002  ACORN BUSINESS MACHINES        UNIT 4 CROSSLEY MILLS, NEW MILL ROAD, HONLEY, HOLMFIRTH, HD9 6QB
     ACT001  ACTION INTERNATIONAL           DIRECTION BUSINESS SOL LTD, 36 LUMB LANE, ALMONDBURY, HUDDERSFIELD, HD4 6SZ
     ADD001  ADDEX TRADING                  BEACON PLACE, 1 BEACON ROAD, ROTHERWAS IND EST, HEREFORD, HR2 6JP
     ADL001  ADLER MANUF. LTD               119/120 BUCKINGHAM AVE, SLOUGH, BERKSHIRE, SL1 4LZ
     AER001  AEROSOL SOLUTIONS LT           NEW TYTHE STREET, LONG EATON, NOTTINGHAM, NG10 2DL
     AFI001  AERIALS FOR INDUSTRY LTD       MAIN STREET, EAST ARDSLEY, WAKEFIELD, WF3 2AP
     AGL001  AGL EUROPEAN LASERS LTD        UNIT 16 HASSOCKS WOOD EST, STROUDLEY ROAD, BASINGSTOKE, RG24 8UQ
     AJG001  A J GASES                      NEW HEY ROAD, SCAMMONDEN, HUDDERSFIELD, HD3 3FT
     ALF001  ALFRA (UK) LTD                 VICARAGE ROAD, SHEFFIELD, S9 3RH
     AME001  AMERICAN EXPRESS               
     AMJ001  ONLY ORDER THROUGH AMJ         
     AON001  A-ONE TOOLS & FIXINGS LTD      A-ONE BUSINESS PARK, 370 BRADFORD ROAD, BRIGHOUSE, HD6 4DJ
     APT001  A. P. TECHNIK                  SHIRE BUSINESS PARK, WAINWRIGHT ROAD, WARNDON, WORCESTER, WR4 9FA
     ARC001  ARC LABELS LTD                 UNIT 5 THE MALTINGS IND EST, DONCASTER ROAD, WHITLEY BRIDGE, DN14 0HH
     ARC002  ARCO LIMITED                   PO BOX21, HEAD OFFICE, WAVERLEY STREET, HULL, HU1 2SJ
     ARE001  ARENA DIGITAL                  PRODUCTIONS LTD, MITCHAM HOUSE, MITCHAM ROAD, BLACKPOOL, LANCASHIRE
     ARM002  ARMITAGE DEVELOPMENT           ORCHARD HOUSE, 45B COLDERS LANE, MELTHAM, HUDDERSFIELD   HD7 3JL
     ARM003  ARMEG LTD                      CALLYWHITE LANE, DRONFIELD, S18 2XJ
     ARM004  ARMORGARD SECURITY PROD        CASTLE TRADING EST, PORTCHESTER, FAREHAM, PO16 9SF
     ARR001  ARROW TOOLS (UK) LTD           2 GORDON ROAD, WALTHAM ABBEY, ESSEX, EN9 1DR
     ARV001  ARVAL UK LTD                   ARVAL CENTRE, WINDMILL HILL, SWINDON, SN5 6PE
     ASH001  ASHTEAD PLANT HIRE CO LTD      102 DALTON AVENUE, BIRCHWOOD PARK, BIRCHWOOD, WARRINGTON, WA3 6YE
     ASP001  ASPXX LTD                      9 BELMONT PARADE, GREEN LANE, CHISLEHURST, KENT, BR7 6AN
     AST001  ASTRAGAS                       10 UPPER QUARRY ROAD, BRADLEY, HUDDERSFIELD, HD2 1XF
     AUS001  AUS LTD                        1 DEARNE PARK ESTATE, PARK MILL WAY, CLAYTON WEST, HUDDERSFIELD, HD8 9XJ
     AUT001  AUTOLEC HD LIMITED             UNIT 2, COLNE ROAD, HUDDERSFIELD, HD1 3ER
     AVA001  AVANTIFIX (FIX SOL) LTD        BRIDGE WORKS, WOOD LANE, ROTHWELL, LS26 0RS
     AVO001  AVOCET HARDWARE PLC            BROOKFOOT MILLS, ELLAND ROAD, BRIGHOUSE, HD6 2RW
     AVO002  AVON EQUIPMENT LTD             UNIT 7/8, BONVILLE BUS CENTRE, DIXON ROAD, BRISLINGTON, BRISTOL, BS4 5QW
     BAP001  BAPP IND SUPPLIES (HUDDS) LTD  VINE IND EST, ELLAND ROAD, BRIGHOUSE, HD6 2QS
     BAR001  BARDEN PRINT LTD               BAYHALL PRINTING CENTRE, COMMON ROAD, BIRKBY, HUDDERSFIELD, HD1 5EU
     BAR002  BARRIE K. ELLIS (HUDDS.) LTD   FIRTH STREET,, HUDDERSFIELD, HD1 3BD
     BAR003  BARON BROS.LTD                 8 DARTMOUTH WAY, SOUTHFORK INDUSTRIAL ESTATE, GARNET ROAD, LEEDS, LS11 5JL
     BAT001  FUCHS LUBRICANTS (UK) PLC      NEW CENTURY STREET, HANLEY, STOKE ON TRENT, ST1 5HU
     BAT002  BATLEYS CASH & CARRY           977 LEEDS ROAD, DEIGHTON, HUDDERSFIELD
     BCG001  BCG DIRECT LTD                 TOP LAND BUSINESS PARK, CRAGG ROAD, MYTHOLMROYD, HEBDEN BRIDGE
     BEE001  BEEVERS & BARRETT LTD          
     BEL001  BELLE GROUP                    SHEEN, NEAR BUXTON, DERBYSHIRE, SK17 0EU
     BER001  BERG GB                        UNIT 5 WEST STREET, SHUTFORD, BANBURY, OXFORDSHIRE, OX15 6PH
     BGA001  BRITISH GAS TRADING LTD        PO BOX 254, CAMBERLEY, SURREY, GU15 3WA
     BIG001  BIGDUG LIMITED                 UNIT 14-16 THE HAWTHORNES, HAWTHORNES LANE, STAUNTON, GLOUCESTER, GL19 3NY
     BIL001  BILTON RACKING CO              UNIT 22, CELETTE IND EST, WESTGATE, CLECKHEATON, BD19 5DX
     BIR001  BIRCHWOOD PRODUCTS LTD         BIRCH PARK, GILTBROOK, NOTTS., NG16 2AR
     BIZ001  BIZZENERGY LTD                 BUZZENERGY BUILDINGS, BERKELEY BUSINESS PARK, WORCESTER, WR4 9FA
     BLU001  BLUE DIAMOND STL               CLAYFIELDS IND EST, TICKHILL ROAD, DONCASTER, DN4 8QG
     BOA001  BOARDS (HUDDS) LTD             UNIT 3,4,5 CANAL STREET, OFF LEEDS ROAD, HUDDERSFIELD, HD1 6NY
     BOL001  BOLLING COFFEE LTD             BENT LEY COFFEE MILLS, MELTHAM, HUDDERSFIELD, HD7 3AP
     BON001  BOND IT LTD                    UNIT G16 RIVERBANK WAY, LOWFIELDS INDUSTRIAL ESTATE, ELLAND, HX5 9DN
     BOS001  BOSS TRAINING LTD              RIMANI HOUSE, 14-16 HALL STREET, HALIFAX, HX1 5BD
     BOS002  ROBERT BOSCH LTD               POWER TOOL DIVISION (PT/SEU), BROADWATER PARK, NORTH ORBITAL ROAD, DENHAM, UXBRIDGE
     BRA001  MAGNET LTD                     T/A BRANDON HIRE, AYLESTONE ROAD, LEICESTER
     BRA002  BRANDON HIRE PLC (HALIFAX)     WALNUT BUSINESS PARK, WALNUT STREET, HALIFAX, WEST YORKSHIRE
     BRA003  BRADFORD TOOL GROUP            BETA WORKS, 1 TONG STREET,, BRADFORD BD4 9PW
     BRE001  BRENDON POWERWASHERS           UNITS 1-5,, STATION ROAD INDUSTRIAL ESTATE, WIVELISCOMBE, TAUNTON, SOMERSET
     BRI001  BRIDGE COMPUTERS               UNIT 7 COMMERCIAL MILLS, SAVILLE STREET, MILNSBRIDGE, HUDDERSFIELD, HD3 4PG
     BRO001  PRAMAC GROUP                   CROWN BUSINESS PARK, DUKESTOWN, TREDEGAR, S WALES, NP22 4EF
     BSF001  CLOSED                         60 HUDDERSFIELD ROAD, HONLEY, HUDDERSFIELD, HD9 6LT
     BTE001  BTUK BUSINESS ACCOUNTS         TVTE 5TH AVE BUSINESS PK, GATESHEAD, NE82 6XX
     BUC001  BUCKLAND HARVESTER INS         CLOSE PREMIUM FINANCE, 5 THE PARSONAGE, MANCHESTER, M3 2HS
     BUL001  BULLFINCH(GAS EQUIPMENT)LTD    DIADEM WORKS, KINGS ROAD, TYSELEY, BIRMINGHAM, B11 2AJ
     BUS001  BUSINESS INTERNET              
     CAL001  CALDER SCREEN PRINT            UNIT 1 BURLEY ST WORKS, BURLEY STREET, ELLAND, HX5 0AQ
     CAL002  CALDER CABINS                  UNIT 8 HIGH LEVEL WAY IND EST, QUEENS ROAD, HALIFAX, HX1 4PS
     CAL003  CALOR                          BARNSLEY CALOR CENTRE, SHAWFIELD, CARLTON IND ESTATE, BARNSLEY, S71 3HS
     CAL004  CALOREX                        HEAT PUMPS & DEHUMIDIFIERS, THE CAUSEWAY, MALDON, ESSEX, CM9 5PU
     CAM001  CAMEO SUPPLIES                 TO THE REAR 48-50 CHESTER RD, NEW OSCOTT, SUTTON COLDFIELD, B73 5DA
     CAR001  CARTRIDGE SAVE LIMITED         ROLAND ROAD, STOCKPORT, SK5 6TJ
     CAS001  C A SUPPLIES                   246 BROWN ROYD AVE, DALTON, HUDDERSFIELD, WEST YORKSHIRE
     CBT001  CBT AUTOS                      UNIT D WOODMAN WORKS, SOUTH LANE, ELLAND, HX5 0PA
     CCL001  CCL COMPUTERS LTD              INMOOR ROAD,, OFF CROSS LANE, TONG, WEST YORKSHIRE, BD11 2PS
     CCP001  C C PRINT                      UNIT 59 BARKSTONE HOUSE, DOMESTIC STREET IND EST, LEEDS, LS11 9RT
     CEF001  CITY ELECTRICAL FACTORS LTD    NELSON DIVISION, 3B AUDAX CLOSE, CLIFTON MOOR, YORK, YO30 4RA
     CEN001  CENTRAL C.N.C. MACHINERY LTD   UNIT 12B, SCAR LANE, MILNSBRIDGE, HUDDERSFIELD, WEST YORKSHIRE, HD3 4PE
     CEN002  CENTRAL SPARES LIMITED         BROOK ROAD, WIMBOURNE, DORSET, BH21 2BH
     CHA001  CHADWICK & CO                  CAPITAL HOUSE, 272 MANCHESTER ROAD, DROYLSDEN, MANCHESTER, M43 6PW
     CHA002  CHADWICK LAWRENCE SOLICITORS   54 BRADFORD ROAD, DEWSBURY, WEST YORKSHIRE, WF13 2DY
     CHE001  CHESS TELECOM                  BRIDGFORD HOUSE, HEYES LANE, ALDERLEY EDGE, CHESHIRE, SK9 7JP
     CHI001  CHIPPINDALE PLANT LTD          BUTTERBOWL WORKS, RING ROAD, LOWER WORTLEY, LEEDS   LS12 5AJ
     CHU001  CHUBB FIRE & SECURITY LTD      UNIT 2 RAWFOLDS WAY, SPEN VALLEY IND PARK, CLECKHEATON, BD19 5LJ
     CIT001  CITB CONSTRUCTION SKILLS       BIRCHAM NEWTON, KINGS LYN, NORFORK, PE31 6RH
     CKI001  CARL KAMMERLING INT LTD        PWLLHELI, WALES, LL53 5LH
     CLE001  CLEAR TASK LTD                 UNIT 1-4 DENARD IND EST, TANYARD ROAD, MILNSBRIDGE, HUDDERSFIELD, HD3 4NB
     CLE002  CLEANER                        
     CLI001  RENTALXPRESS LTD               PHOENIX DIST PARK, PHOENIX WAY, HESTON, TW5 9NB
     CLM001  C.L.M. CONSTRUCT. SUPPLIES LTD UNIT 14 ETRURIA WAY, BARTON INDUSTRIAL ESTATE, OFF MOUNT PLEASANT, BILSTON, WV14 7LH
     CLO001  CLOW GROUP LTD                 GARRATTS LANE, OLDHILL, CRADLEY HEATH, B64 5AW
     CMC001  CALDERDALE MET.COUNCIL         PO BOX 51, PRINCESS BUILDINGS, HALIFAX, HX1 1TP
     COB001  COBRA PLANT & FIXINGS LTD      CLIFTON MILL, CLIFTON STREET, BRADFORD, BD8 7EF
     COD001  CODE BLUE PUBLISHING LIMITED   HAMMONDS YARD, 46-48 KING STREET, HUDDERSFIELD, WEST YORKSHIRE, HD1 2QT
     COM001  COMET FLUID POWER              UNIT 3 MILL ST WEST IND EST, DEWSBURY, WF12 9AE
     COT001  COTTERILL BUSINESS SUPPLIES    ARCHES STREET, HALIFAX, WEST YORKSHIRE, HX1 2SY
     CPC001  CPC                            FARADAY DRIVE, FULWOOD, PRESTON, PR2 9PP
     CRE001  CREDITSAFE.COM (UK) LTD        C/O BRITANNIA BUILDING, CAERPHILLY BUSINESS PARK, VAN ROAD, CAERPHILLY, CF83 3GG
     CVG001  CV GRAPHICS LTD                229A PENISTONE ROAD, FENAY BRIDGE, HUDDERSFIELD, HD8 0AS
     DAL001  DALE SCAFFOLDING CO LTD        885A WAKEFIELD ROAD, BRADFORD, BD4 7PT
     DAN001  DANLETT LTD                    ST ANDREW'S ROAD, ASPLEY, HUDDERSFIELD, HD1 6RZ
     DAR001  DART TOOL GROUP                1 WHEATFIELD ROAD, DUNNIKIER BUSINESS PARK, KIRKCALDY, FIFE, KY1 3PD
     DAS001  DASON MARKETING                THE OLD MALTINGS, WESTMORELAND ST, HULL, HU2 0HZ
     DEB001  DEBORAH SERVICES LTD           UNIT 7 HAWTHORNE COURT, HOWLEY PARK ROAD, MORLEY, LEEDS, LS27 0BN
     DEB002  DEBT COLLECTION SERVICES LTD.  NUNBROOK HOUSE, 334 HUDDERSFIELD ROAD, MIRFIELD, WEST YORKSHIRE, WF14 9DQ.
     DEE001  DEESIGN PARTNERSHIP            SHUTE FARM, KELLY, LIFTON, DEVON   PL16 0HJ
     DEM001  DEMON INTERNATIONAL LTD        ABBOTS CLOSE, LEE MILL IND EST, IVYBRIDGE, PL21 9GA
     DES001  DESA UK LTD                    11,BEECH HOUSE, PADGATE BUSINESS PARK, GREEN LANE, WARRINGTON, WA5 7ZB
     DIA002  DIAQUIP SALES & SERVICE        UNIT 1, WHITEFIELD ROAD IND EST, BREDBURY, STOCKPORT, SK6 2QR
     DIA003  DIAMONDMASTERS LTD             UNITS 1 & 2A, HOLMES CHAPEL BUSINESS PARK, MANOR LANE, HOLMES CHAPEL, CW4 8AB
     DIS001  DISTINCT DISPOSABLES LIMITED   CONCEPT HOUSE, HUDDERSFIELD ROAD, MELTHAM, HOLMFIRTH, WEST YORKSHIRE
     DIX001  DIXON ABRASIVES LTD            23 BRACKEN CLOSE, SPRINGHEAD, OLDHAM, OL4 4PB
     DMF001  DMF WAKEFIELD LTD              2 DEWSBURY ROAD, WAKEFIELD, WF2 9BS
     DOL001  DOLPHIN TOOLING                6A MAIN STREET, FERRYHILL, CO DURHAM, DL17 8LA
     DUD001  DUDLEY UK LTD                  FARRINGTON ROAD, BURNLEY, BB11 5SN
     DUR001  DURO UK LTD                    LOW COMMON ROAD, BROOKLANDS PARK IND EST, DINNINGTON, SHEFFIELD, S25 2RJ
     EBA001  EBAC LTD                       COMMERCIAL DIV, ST HELENS TRADING EST, BISHOP AUKLAND, CO. DURHAM, DL14 9AL
     EBA002  EBAY                           VARIOUS SUPPLIERS, PAID THRO EBAY
     EDF001  EDF ENERGY                     B2B OSPREY HOUSE, OSPREY ROAD, EXETER, EX2 7WN
     EJP001  E J PARKINSON & SON LTD        DOMESTIC STREET IND EST, LEEDS, LS11 9RR
     ELF001  ELF FORKTRUCKS                 ALDER STREET, HILLHOUSE, HUDDERSFIELD, HD1 6JY
     ELI001  ELITE SURVEY EQUIP LTD         GOODMAN HOUSE, GOODMAN STREET, HUNSLET, LEEDS, LS10 1NY
     ELL001  ELLIOTT LOOHIRE LTD            NATIONAL CONTROL CENTRE, CENTURY STREET, SHEFFIELD, S9 5DX
     EON001  E.ON ENERGY SOLUTIONS LTD      P O BOX 2010, NOTTINGHAM, NG1 9GQ
     EPP001  E P P MAGNUS LTD               UNIT 6 ASHBOURNE EST, MILE CROSS LANE, NORWICH, NR6 6RY
     ETG001  E T GARAGE                     17-19 TANYRD IND EST, TANYARD ROAD, MILNSBRIDGE, HUDDERSFIELD, HD3 4NB
     EUR001  PARAGON INTERNATIONAL LTD      T/AS EUROCUP, UNITS 2&3 VICTORIA PARK, LIGHTOWLER ROAD, HALIFAX    HX1 5ND
     EUR002  EUROFLOOR LTD                  60 VAUXHALL ROAD, LIVERPOOL, L3 6DL
     EUR003  EUROFFICE LTD                  DOME HOUSE, 48 ARTILLERY LANE, LONDON, E1 7LS
     EVO001  EVOLUTION POWER TOOLS          VENTURE ONE, LONGACRE CLOSE, HOLBROOK IND EST, SHEFFIELD, S20 3FR
     EXA001  EXAMINER NEW & INFO SERV LTD   PO BOX A26, QUEEN STREET SOUTH, HUDDERSFIELD, HD1 2TD
     EXP001  EXPRESS TOOLS LTD              UNIT 44A ALTON ROAD, BOURNEMOUTH, BH10 4AF
     FAI001  FAIRPORT CONST EQUIP LTD       BLAGDEN STREET, SHEFFIELD, S2 5QS
     FAR001  FARMSTAR LTD                   GROVE FARM, CHURCH LANE, MARR, DONCASTER, SOUTH YORKSHIRE, DN5 7AU
     FAR004  FARNELL ELECTRICAL LTD         INTERNATIONAL DISTR. CENTRE, CASTLETON ROAD, LEEDS, LS12 2EN, UNITED KINGDOM
     FEI001  FEIN IND POWER TOOLS UK LTD    4 BADBY PARK, HEARTLAND BUS. PARK, DAVENTRY, NN11 5YT
     FES001  FESTOOL                        TT TOOLTECHNIC SYSTEMS LTD, SAXHAM BUSINESS PARK, SAXHAM, SUFFOLK, IP28 6RX
     FGA001  F.G.ADAMSON                    OCCUPATION LANE, SWANLAND, NORTH FERRIBY, EAST YORKS, HU14 3QZ
     FHB001  F H BROWN O.T. LTD             FARRINGTON ROAD, BURNLEY, BB11 5SN
     FIN001  FINN GLEDHILL SOLICITORS       1-4 HARRISON ROAD, HALIFAX, HX1 2AG
     FIS001  FISCO                          FARMERS IMPLEMENT, SUPPLY COMPANY, GARDEN STREET, WAKEFIELD, WF1 1DX
     FOL001  C FOLAN                        32 GRAMFIELD ROAD, CROSLAND MOOR, HUDDERSFIELD, HD4 5QA
     FPS001  FIRE PROTECTION SERVICES       400 DALLOW ROAD, LUTON, BEDS., LU1 1UR
     FRA001  FRASER BROWN ENG LTD           UNIT 11 EVANTON IND EST, EVANTON, ROSS-SHIRE, IV16 9XJ
     FRE001  FREECOM.NET                    CASTLEMILL, BURNT TREE, TIPTON, DY4 7UF
     FRE002  FREUD IS NOW ROBERT BOSCH LTD  UNIT 6 & 7, WHITEHALL CROSS BUSINESS PARK, WHITEHALL ROAD, LEEDS, LS12 5XE
     FUE001  THE FUELCARD COMPANY UK LTD    ST JAMES BUSINESS PARK, GRIMBALD CRAG COURT, KNARESBOROUGH, HG5 8QB
     FUT001  4 U TOILET HIRE LTD            LEATHER HALL BARN, OFF BRADSHAW ROAD, HONLEY, HOLMFIRTH, HD9 6RJ
     GAL001  GALLECO INVESTMENTS LTD        BOX 114 RIVERSIDE VIEW, THORNES LANE, WAKEFIELD, WF1 5QW
     GAR001  GARDEN FORCE                   DOCKLANDS, DOCK ROAD, LYTHAM, FY8 5AQ
     GEM001  GEMINI MAGAZINES LTD           1ST FLOOR LION CHAMBERS, JOHN WILLIAM STREET, HUDDERSFIELD, HD1 1ES
     GEN001  GENERAC PORTABLE PRODUCTS      WOODFORD PARK IND ESTATE, BARLOW DRIVE, WINSFORD, CHESHIRE   CW7 2JZ
     GEN002  GENIE UK LTD                   THE MALTINGS, WHARF ROAD, GRANTHAM, NG31 6BH
     GEN003  GENERATION HIRE & SALE         UNIT 2 LEDGER PARK, HAIGH PARK ROAD, STOURTON, LEEDS, LS10 1RT
     GEN004  GENPLUS SYSTEMS LTD            UNIT 8, ENTERPRISE WAY, WHITBY BUSINESS PARK, WHITBY, NORTH YORKSHIRE, YO22 4NH
     GEO001  GEORGE'S IND SERVICES LTD      13 SEDDON PLACE, STANLEY IND EST, SKELMERSDALE, LANCS, WN8 8EB
     GEO002  GEO SURVEY INSTRUMENTS LTD     UNIT 19 RAY STREET, ENTERPRISE CENTRE, HUDDERSFIELD, HD1 6BL
     GMT001  G M T S                        SIMONSTEAD, 1 HIGHFIELD CLOSE, GILDERSOME, LEEDS   LS27 7LT
     GNE001  G.NEIL CO                      7-8 AMOR WAY, DUNHAMS LANE, LETCHWORTH, SG6 1UG
     GRA001  GRAY CAMPLING LTD              91A SOUTHCOTE ROAD, BOURNEMOUTH, DORSET, BH1 3SN
     GRE001  GREENHAM TRADING LTD           CRUSADER HOUSE, 2 LOCKWOOD WAY, LEEDS, LS11 5TQ
     GSM001  G.S.MOTOR REPAIRS              41 LOWER VIADUCT STREET, HUDDERSFIELD, HD1 6BW
     GST001  G S TOILET HIRE                368 BRADLEY ROAD, HUDDERSFIELD, HD2 1PU
     GWS001  G W SERVICES                   30 CROWTHER CLOSE, SLAITHWAITE, HUDDERSFIELD, HD7 5DF
     HAI001  HAILSHINE LTD                  20 LODGE DRIVE, ELLAND, HX5 9PT
     HAL001  THE HALIFAX COURIER LTD        PO BOX 19, COURIER BUILDINGS, KING CROSS STREET, HALIFAX, HX1 2SF
     HAL002  HALIFAX SECURITY CENTRE        A.R.P. SECURITY SERVICES LTD, 31 EDWARDS ROAD, PYE NEST, HALIFAX, HX2 7DG
     HAL003  HALIFAX BEARINGS               UNIT 9 MARGRAM BUSINESS CENTRE, HORNE STREET, HALIFAX, HX1 5UA
     HAR001  HARRINGTON GENERATORS LTD      RAVENSTOR ROAD, WIRKSWORTH, DERBYSHIRE, DE4 4FY
     HAR002  HARTWELL FORD                  ST ANDREWS ROAD, HUDDERSFIELD, HD1 6NA
     HAS001  HASTINGS & HENSHAW             
     HDC001  HD CONNECT LTD                 18 RISHWORTH AVENUE, EMLEY, HUDDERSFIELD, WEST YORKSHIRE, HD8 9SB
     HEN001  HENTON AND CHATTELL            LONDON ROAD, NOTTINGHAM, NG2 3HW
     HEW001  HEWDEN HIRE CENTRES            TRAFFORD HOUSE, CHESTER ROAD, STRETFORD, MANCHESTER, M32 0RL
     HFM001  HUDDERSFIELD FM LTD            THE OLD LOCKWOOD STABLE BLOCK, LOCKWOOD PARK, HUDDERSFIELD, WEST YORKSHIRE, HD1 3UR
     HIL001  HILTI (GB) LTD                 1 TRAFFORD WHARF ROAD, TRAFFORD PARK, MANCHESTER, M17 1BY
     HIL002  HILLS CONTAINERS (NORTHERN)    UNIT 25/26 SAVILE BUS. CENTRE, MILL STREET EAST, DEWSBURY, WF12 9AH
     HIL003  HILLS SUPPLIES LTD             
     HIR001  HIREPRO LTD                    LILAC GROVE, BEESTON, NOTTINGHAM, NG9 1QX
     HIR002  HIRE STATION                   FIELDS FARM ROAD, LONG EATON, NOTTINGHAM, NG10 3FZ
     HIS001  HI SPEED HIRE                  704 FILTON AVENUE, FILTON, BRISTOL, BS34 7JL
     HIT001  HI-TECH MAINTENANCE            47 ARNOLD STREET, BIRKBY, HUDDERSFIELD, HD2 2TA
     HOM001  HOME FM                        THE OLD STABLE BLOCK, LOCKWOOD PARK, HUDDERSFIELD, HD1 3UR
     HOT001  HOTLINE TELECOM LTD            PO BOX 49, SWANSEA, SA1 1ZF
     HSB001  HSB HAUGHTON INS SERV LTD      CHANCERY PLACE, 50 BROWN STREET, MANCHESTER, M2 2JT
     HSC001  THE HIRE SUPPLY CO (UK) LTD    BUILDING NO 2 FIRST FLOOR, SHEET STORES IND EST, LONG EATON, NOTTINGHAM, NG10 1AU
     HST001  HUDDS SAW & TOOL CO LTD        CANAL WORKS, VINE STREET, LEEDS ROAD, HUDDERSFIELD   HD1 6NT
     HTC001  HIRE TECHNICIANS GROUP LTD     CHALK HILL HOUSE, 8 CHALK HILL, WATFORD, WD1 4BH
     HTS001  H.T.S LLP                      UNIT 4 ASHLEY IND EST, LEEDS ROAD, HUDDERSFIELD, HD2 1UR
     HUM001  HUMBERSIDE LIFTING SERV LTD    UNIT 7 VICTORIA PARK, LIGHTOWLER ROAD, HALIFAX, HX1 5ND
     HUS001  HUSQVARNA UK LTD               HOWLEY PARK ROAD EAST, LEEDS, LS27 0SW
     HYP001  HYPERCOM                       UNT 2 WOKING EIGHT, FORSYTH ROAD, WOKING, GU21 5SB
     ICO001  ICOM WORKS LTD                 8 ASH TREE, WOODSY CLOSE, CARDIFF GATE BUSSINESS PARK, CF23 8RW
     IME001  IMEX PROPERTIES                WARWICK HOUSE, 35 SPRING ROAD, HALL GREEN, BIRMINGHAM, B11 3EA
     IND001  INDEPENDENT ACCESS SUPPLIES    UNIT D DARTSTONE WEST IND EST, 98 NEPSHAW LANE SOUTH, GUILDERSOME, MORLEY, LS27 7JQ
     IND002  Independent Electrical         Services Ltd., 53, Lockwood Rd., Huddersfield, HD1 3PL
     IND003  INDEPENDENT DIESEL SVCS LTD    UNIT 3 HEBBLE WORKS, SEDBURGH ROAD, HALIFAX, HX3 9HB
     INI001  INITIAL TEXTILE SERVICES       PO BOX 392, NORTHSIDE ROAD, LIDGET GREEN, BRADFORD, BD7 2YY
     INT001  INTERPARCEL LIMITED            NORMAN HOUSE, 15 STEPHENSON WAY, CRAWLEY, WEST SUSSEX, RH10 1 TN
     INT002  INTERGAS UK                    7E RIVERSIDE ROAD, RIVERSIDE IND EST, SOUTHWICK, SUNDERLAND, SR5 3JG
     INT003  INTERNET-INK.CO.UK             ABITECH SYSTEMS LTD, 13 MAIN STREET, KEYWORTH, NOTTINGHAM, NG12 5AA
     IPS001  INDEPENDENT PARTS & SERV LTD   HARRIS HOUSE, HORTONWOOD 50, TELFORD, TF1 7AA
     IRI001  IRIDEX ENG CO LTD              PRIESTROYD WORKS, FIRTH STREET, HUDDERSFIELD, HD1 3BD
     JCB001  J C BOWER LTD                  CLAYFIELD WORKS, CRIMBLE, SLAITHWAITE, HUDDERSFIELD, HD7 5BG
     JMA001  JOHN MARSTON & CO              1ST FLOOR, TAMEWAY TOWER, 48 BRIDGE STREET, WALSALL, WEST MIDLANDS
     JOH001  JOHNSTON PUBLISHING(NORTH)     PO BOX 319, WELLINGTON STREET, LEEDS, LS1 1UJ
     KDE001  KIRKLEES DEVELOPMENTS LTD      CLIFBY WORKS, SANDBEDS ROAD, PELLON, HALIFAX, HX2 0QQ
     KDM001  K D MAINTENANCE                
     KEI001  KEITH SYKES LTD                11 BRICKY CLOSE, CLOWNE, DERBYSHIRE, S43 4SU
     KEN001  KENWORTH PRODUCTS LTD          UNIT 2 CROSSLEY MILLS, NEW MILL ROAD, HONLEY, HOLMFIRTH, HD9 6QB
     KIR001  KIRKLEES M C                   FINANCIAL OPERATIONS, REVENUES & BENEFITS, PO BOX 338, CIVIC CENTRE 1, HUDDERSFIELD HD1 2YS
     KNI001  KNIGHT FRANK LLP               9 BOND COURT, LEEDS, WEST YORKSHIRE, LS1 2JZ
     KSD001  KIRKLEES STADIUM DEVEL. LTD    THE ALFRED McALPINE STADIUM, STADIUM WAY, HUDDERSFIELD, HD1 6PG
     KST001  K STEELS LTD                   UNIT 7, WHITELEY BUILDINGS, LOCKWOOD, HUDDERSFIELD
     KWS001  KIRKLEES COUNCIL               WASTE COLLECTION SERVICES, TRADE WASTE SERVICES, VINE STREET DEPOT, VINE STREET, HUDDERSFIELD
     LAD001  LADDER SAFETY DEVICES LTD      STREAM FARM, GRAVESEND, KENT, DA12 1BA
     LAN001  LANCASTER PARTNERS LIMITED     239 LONDON ROAD, HAZEL GROVE,, STOCKPORT, CHESHIRE, SK7 4HU
     LAR002  LARRAGARD LIMITED              CHAPEL LANE, HECKMONDWIKE, WEST YORKSHIRE., WF16 9JP.
     LAS001  LASERTRONICS                   UNIT 26 THE GATEHOUSE CENTRE, ALBERT STREET, LOCKWOOD, HUDDERSFIELD, HD1 3QD
     LAW001  LAWTONS LTD                    60 VAUXHALL ROAD, LIVERPOOL, L69 3AU
     LGH001  LGH GROUP PLC                  BOLTON ROAD, ATHERTON, MANCHESTER, M46 9YZ
     LIF001  LIFTERZ LTD                    MILNER WAY, OSSETT, WAKEFIELD, WF5 9JE
     LLO001  LLOYDS AUTOLEASE               WINDSOR HOUSE, HOLLINS BROOK WAY, BURY, BL9 8RT
     LMS001  LINK MAILING SYSTEMS LTD       252 EUROPA BOULEVARD, GEMINI BUSINESS PARK, WARRINGTON, CHESHIRE, WA5 7TN
     LOM001  LOMBARD                        120 MOORGATE, ROTHERHAM, SOUTH YORKSHIRE, S60 2UA
     LOR001  LORD HIRE CENTRES              SHIELDS ROAD, BYKER HILL, NEWCASTLE UPON TYNE, NE6 2UD
     LPW001  LPW GROUP LTD                  LPW HOUSE, SUTTONS LANE, HORNCHURCH, ESSEX, RM12 6RJ
     LYT001  LYTE INDUSTRIES (WALES) LTD    WIND ROAD, YSTRADGYNLAIS, POWYS, SA9 1AF
     MAC001  MACHINE MART                   211 LOWER PARLIAMENT ST, NOTTINGHAM, NG1 1GN
     MAN001  MANY SOLUTIONS                 UNIT 2 CHARLES ST, WALSALL, WS2 9LZ
     MAR001  MARCRIST INTERNATIONAL LTD     MARCRIST HOUSE, KIRK SANDALL IND EST, DONCASTER, DN3 1QR
     MAR002  MARK ONE PUBLISHING            GILL BIRKS, WILSHAW,, HOLMFIRTH,, WEST YORKSHIRE HD9 4DZ
     MAR003  MARWOOD GROUP LTD              72 RODING ROAD,, LONDON IND. PARK, BECKTON, LONDON, E6 6JG
     MCK001  MCKITRICK BROS                 RIVERSIDE WORKS, CHAPEL HILL, FOLLYHALL, HUDDERSFIELD, HD1 3PA
     MEC001  DO NOT USE THIS ACCOUNT        
     MEE001  MEETENS                        INDUSTRIAL ENGINES LTD, 30 WEST HIKK, EPSOM, SURREY, KT19 8JD
     MEL001  MELTHAM FABRICATIONS LTD       MILL MOOR ROAD, MELTHAM, HOLMFIRTH, HD9 5JT
     MES001  M E SERVICES                   18 BOOTH STREET, CLECKHEATON, BD19 3PZ
     MET001  METABO (UK) LTD                25 MAJESTIC ROAD, NURSLING IND EST, SOUTHAMPTON, SO16 0YT
     MFH001  MF HIRE LTD                    CHARLOTTE HOUSE, 500 CHARLOTTE ROAD, SHEFFIELD, S2 4ER
     MGJ001  MALCOLM G JUDD                 UNIT 1A LYON IND EST, NEW CUT LANE, WOOLSTON, WARRINGTON, WA1 4AG
     MID001  MIDLAND POWER LTD              FARRELL HOUSE, ORCHARD STREET, WORCESTER, WR5 3DW
     MID003  MIDLANDJAY                     UNIT 2,PARK VALLEY MILLS, MELTHAM ROAD, HUDDERSFIELD, HD4 7BH
     MIK001  MIKE BARNES CHAINSAWS          STATION ROAD, KEITHLEY, WEST YORKSHIRE, BD20 6RY
     MIL001  B SPENCER & SON                MILNSBRIDGE GARAGE, SAVILLE STREET, MILNSBRIDGE, HUDDERSFIELD
     MIL002  MILLERS OILS                   INC BOXER SERVICES, HILLSIDE OIL WORKS, RASTRICK COMMON, BRIGHOUSE, HD6 3DP
     MIT001  MITIE GENERATION LTD           
     MJL001  MJL ELECTRICAL                 99 BANK END LANE, ALMONDBURY, HUDDERSFIELD, HD5 8EN
     MMM001  M AND M MOTOR ENG              
     MOX001  AGGREGATE INDUSTRIES UK LTD    T/A MOXON, HIGHLANDS LANE, HENLEY-ON-THAMES, RG9 4PS
     MUL001  MULTIQUIP (UK) LTD             HANOVER MILL, FITZROY STREET, ASHTON UNDER LYNE, OL7 0TL
     NAC001  NORTHERN ACCESS LTD            AVONDALE WAY, WAKEFIELD, WF2 7QU
     NAT001  NATWEST                        ELECTRONIC BANKING OPS., PO BOX 400, CENTRAL HOUSE, OTLEY ROAD, HARROGATE
     NBS001  NORTHERN BATTERY SERVICE LTD   MANCHESTER ROAD, HUDDERSFIELD, HD1 3JE
     NCF001  NATIONWIDE CAPITAL FINANCE LTD NATIONWIDE HOUSE, MOSS BANK WAY, BOLTON, BL1 8NP
     NCR001  NCR LIMITED                    206 MARYLEBONE ROAD, LONDON, NW1 6LY
     NEW001  NEWMAN & CO                    LIMEWOOD HOUSE, LIMEWOOD WAY, LEEDS, LS14 1AB
     NEW002  H NEWTON HALE & SONS LTD       INDEPENDENCE HOUSE, CATHCART QUAY, 47-61 CORPORATION ROAD, BIRKENHEAD, CH41 3NG
     NEW003  NEWCAT PLANT SERVICES LTD      UNIT 1 BETA BLOCK, ORCHARD TRADING EST, TODDINGTON, CHELTENHAM, GL54 5EB
     NFU001  COY & NOBLES                   NFU MUTUAL OFFICE, 1ST FLOOR, COWLEY HOUSE, QUEENS SQ BUSINESS PARK, HONLEY, HOLMFIRTH  HD9 6QZ
     NFU002  NFU MUTUAL CUSTOMER CLAIMS     ZENITH HOUSE, CLIFTON PARK AVENUE, SHIPTON RD, YORK, YO30 5PB
     NIF001  NIFTYLIFT LTD                  FINGLE DRIVE, STONEBRIDGE, MILTON KEYNES, MK13 0ER
     NIG001  NIGHTSEARCHER LTD              UNIT 14 APPLIED HOUSE, FITZHERBERT SPUR, FARLINGTON, PORTSMOUTH, O6 1TT
     NIX001  NIXON HIRE                     BRADFORD DEPOT, MAUD STREET, OFF LEEDS ROAD, BRADFORD
     NMA001  NMA (AGENCIES) LTD             BIRDS ROYD LANE, BRIGHOUSE, HD6 1LQ
     NOO001  NOOK CITY FC                   25 UNDEBANK OLD ROAD, HOLMFIRTH, HUDDERSFIELD, HD7 1EA
     NOR001  NORMANTON HIRE CENTRE          
     NPC001  NPC LTD                        409 CHADWICK HOUSE, BIRCHWOOD HOUSE, WARRINGTON, CHESHIRE, WA3 6AE
     NPO001  NPOWER BUSINESS                PO BOX 583, HULL, HU5 1YU
     NSG001  POP-UP PRODUCTS LTD            2 DEESIDE POINT, TENTH AVENUE, DEESIDE IND PARK, DEESIDE, CH5 2UA
     NTH001  NORTHERN TOOL HIRE             227 MOSLEY ROAD, ASHTON-UNDER-LYNE, LANCS, OL6 6LX
     NTL001  NTL GROUP LTD                  PO BOX 348, HUDDERSFIELD, HD1 2YP
     NUM001  NUMATIC INTERNATIONAL LTD      CHARD, SOMERSET, TA20 2GB
     NUT001  NU-TOOL (MACHINERY SALES) LTD  ROCKINGHAM WAY, REDHOUSE INTERCHANGE, ADWICK-LE-STREET, DONCASTER, DN6 7FB
     NWT001  NORTH WEST TOOLS               62 DARLINGTON STREET EAST, WIGAN, LANCASHIRE, WN1 3AT
     OBA001  OBART PUMPS LTD                OBART HOUSE, LIPHOOK WAY, 20/20 IND EST, MAIDSTONE, ME16 0FZ
     OFF001  OFFICE DEPOT INT.LTD           PO BOX 6262, LEYCOFT ROAD, LEICESTER, LE4 1YE
     OIL001  OILSWELL LTD                   CROMWELL HOUSE, PARK ROAD, ELLAND, WEST YORKSHIRE, HD6 2RG
     OLY001  OLYMPUS TECHNOLOGIES LTD       MELBOURNE WORKS, 8 FIRTH STREET, HUDDERSFIELD, HD1 3BA
     ONE001  ONEVIEW.NET PLC                102-104 BIRMINGHAM ROAD, DUDLEY, DY1 4RF
     OPU001  OPUS ENERGY LIMITED            ROYAL PAVILION, 2 SUMMERHOUSE ROAD, NORTHAMPTON, NN3 6BJ
     ORA001  ORANGE                         PAYMENT PROCESSING, SOUTHEND ON SEA, SS99 6LU
     ORE001  OREGON                         BLOUNT UK LTD, NORTHWAY LANE, TEWKESBURY, GLOS., GL20 8GY
     OSW001  OSWALD RECORD & CO LTD         WHITINGTON WAY, CHESTERFIELD, S41 9AG
     OXG001  OX GROUP UK                    UNIT 2 RIVERSIDE, KANGLEY BRIDGE ROAD, LONDON, SE26 5DA
     PAG001  ANDREW PAGE LTD                APSON HOUSE, 53/59 MABGATE, LEEDS, LS9 7DY
     PAL001  PALLET TRUCK SERVICES          3 BLACKGATES COURT, TINGLEY, WEST YORKS, WF3 1TH
     PAR001  PARKER MERCHANTING             JOHN O'GAUNTS IND EST, ROTHWELL, LEEDS, LS26 0DU
     PAW001  P.A.WELDING LTD.               VICTORIA MILLS, FISHER GREEN, HONLEY, HUDDERSFIELD
     PCW001  PC WORLD BUSINESS              PHOENIX RETAIL PARK, LEEDS ROAD, HUDDERSFIELD, HD1 6NE
     PDQ001  PDQ LIFTING                    UNITS 72-73, THE ACORN CENTRE, BARRY ST, OLDHAM, OL1 3NE
     PEN001  PENNINE PRODUCTS LTD           MARSH HOUSE,MARKET PLACE, HONELY,HOLMFIRTH, HUDDERSFIELD, HD9 6NG
     PEN002  PENNINE TOOL HIRE LTD          UNIT 5 & 7 HALIFAX IND CENTRE, MARSHWAY, OFF PELLON LANE, HALIFAX, HX1 5RW
     PER001  PERLES OF SWITZERLAND          UNIT 5, MARLEY WAY, BANBURY, OX16 2RL
     PHO001  PHOENIX ACCESSORIES LTD        WATERLOO MILLS, WATERLOO ROAD, PUDSEY, LS28 8DQ
     PHS001  PHS WASTETECH LTD              THE QUADRANT, MARLBOROUGH ROAD, LANCING, WEST SUSSEX, BN15 8UW
     PIT001  PITNEY BOWES                   POSTAGE BY PHONE, PO BOX 42, HARLOW, ESSEX, CM19 5DQ
     PLA001  PLANET PLATFORMS LTD           BRUNEL CLOSE, CENTURY PARK, WAKEFIELD, WF2 0XG
     PLM001  PLM POWER PRODUCTS LTD         UNITS 4-6 THE SHIRES IND EST, ESSINGTON CLOSE, BIRMINGHAM ROAD, LICHFIELD, WS14 9AZ
     POR001  PORTA (UK) LTD                 DUKERIES WAY, DUKERIES IND EST, WORKSOP, S81 7DW
     POS001  POST OFFICE                    NORTHUMBERLAND ST, HUDDERSFIELD
     POW001  POWERGEN                       PO BOX 123, NOTTINGHAM, NG1 6HD
     POW002  POWER TOOL RENTALS LTD         HALIFAX ROAD, HIPPERHOLME, HALIFAX, HX3 8ER
     POW003  T M NEWBURN GROUP LTD          NEW WORKS ROAD, LOW MOOR, BRADFORD, BD12 0QL
     PRE001  PREMIER WASTE MANAGEMENT LTD   PROSPECT HOUSE, AYKLEY HEADS BUSINESS CENTRE, AYKLEY HEADS, DURHAM, DH1 5TS
     PRE002  PRECISION GEOMATICS LTD        PRECISION HOUSE, COLIMA AVENUE, SUNDERLAND, SR5 3XE
     PRI001  PRIMATEL PRODUCTS LTD          UNIT 4/5 NORBURY TRADING EST, CRAIGNISH AVE, LONDON, SW16 4RW
     PRI002  PRINT A LABLE                  MR PRINT IT LTD, UNIT 1 THE BRIDGE, WULFRUN SHOPPING CENTRE, WOLVERHAMPTON, WV1 3HH
     PRO001  PROGRESS ELECTRICAL            PROGRESS PLANT (YRKS) LTD, BREWERY LANE, DEWSBURY, WF12 9HU
     PRO003  ABZORB SERVICES LTD            ARMYTAGE ROAD, BRIGHOUSE, WEST YORKSHIRE, HD6 1QF
     PWS001  PWS LEEDS LTD                  UNIT 16 WOODMAN WORKS, SOUTH LANE, ELLAND, HX5 0PA
     QEP001  Q.E.P. CO UK LTD               EVEREST ROAD, LYTHAM ST. ANNE, FY8 3AZ
     QUA001  QUA NETWORK LTD                THE PIGPEN, MILL FARM, FARLOW, KIDDERMINSTER, DY14 0LP
     RAD001  JOHN RADCLIFFE & SONS LTD      QUEENS SQUARE, LEEDS ROAD, HUDDERSFIELD, HD2 1XN
     RAK001  RAKO PRODUCTS LTD              UNIT 14 STONEDALE ROAD, OLDENDS IND EST, STONEHOUSE, GL10 3RQ
     RAP001  RAPID HIRE (UK) LTD            UNIT E5, COPLEY HILL TRADING EST, WHITEHALL ROAD, LEEDS
     RAP002  RAPID TOOLS DIRECT             BUSH HOUSE, 1 LEEDS ROAD, HUDDERSFIELD, HD1 6DG
     RAW001  RAWLPLUG LTD                   SKIBO DRIVE, THORNLIEBANK IND EST, GLASGOW, G46 8JR
     RAY001  RAYCING PARTS                  CARLTON LODGE, 25 OXFORD ROAD, DEWSBURY, WF13 4LN
     RAZ001  RAZR UK LTD                    30 CLARKE STREET, CALVERLEY, LEEDS, LS28 5NH
     RCM001  REINFORCEMENT & CONSTR.MACHINE UNITS 11-12 DANES ROD IND EST, DANES ROAD, ROMFORD, RM7 0HL
     REA001  REAL MEDIA LTD                 22 MOUNTJOY ROAD, EDGERTON, HUDDERSFIELD, WEST YORKSHIRE, HD1 5PZ
     RED001  RED BAND UK LTD                UNITS 70 THE WARREN, EAST GOSCOTE IND EST, EAST GOSCOTE, LEICESTER, LE7 3XA
     REF001  REFINA LTD                     UNIT 7 UPTON IND ESTATE, FACTORY ROAD, UPTON, POOLE, BH16 5SL
     REG001  REGENCY SCREENPRINT LTD        UNITS 15/16 BRIDGEMAN STREET, WALSALL, WEST MIDLANDS, WS2 9NP
     REI001  REINS MILL GARAGE              HONLEY BUSINESS CENTRE, NEW MILL ROAD, HONLEY, HUDDERSFIELD, HD7 2QB
     REL001  RELIANT DOMESTIC SERVICES      40 WAKEFIELD ROAD, HUDDERSFIELD, HD1 3AQ
     REM001  REMTOX LTD                     UNIT 1 CRES IND PARK, PEARTREE LANE, DUDLEY, DY2 0QQ
     REM002  REMS (UK) LTD                  UNIT 5 ASH IND EST, FLEX MEADOW, HARLOW, ESSEX, CM19 5TJ
     REV001  REVEAL CLEAN                   WINDOW CLEANER
     RIS001  RISKDISK LTD                   PROSPECT HOUSE, SHERWOOD E VILLAGE, OLLERTON, NG22 9SS
     RIT001  RITELITE (SYSTEMS) LTD         MEADOW PARK,, BOURNE ROAD,ESSENDINE,, STAMFORD,, LINCS, PE9 4LT
     ROD001  RODGERS PLANT HIRE             RIVERSIDE WORKS, WOODHEAD ROAD, HONLEY, HUDDERSFIELD, HD9 6PW
     ROD002  RODO LIMITED                   LUMB LANE, DROYLSDEN, GREATER MANCHESTER, M43 7BU
     ROG001  ROGERS SPACE HEATER            www.rogersspaceheaters.co.uk, OIL & GAS FIRED SPACE HEATERS
     RON001  RONSEAL LTD                    THORNCLIFFE PARK, CHAPEL TOWN, SHEFFIELD, S35 2YP
     ROT001  ROTHENBERGER (UK) LTD          2 KINGSTHORNE PARK, HENSON WAY, KETTERING, NN16 8PX
     ROW001  ROWAN ABRASIVES LTD            5 SPRINGHILL AVE, CROFTON, WAKEFIELD, WF4 1HA
     ROY001  ROYDS HALL PRINTING CO         96 LONGWOOD ROAD, LONGWOOD, HUDDERSFIELD, HD3 4EJ
     ROY002  ROYD UK                        UNIT 3 GRANGE FARM, BUSINESS CENTRE, WOODHAM ROAD, BATTLESBRIDGE WICKFORD, ESSEX SS11 7QU
     RSF001  R&S FABRICATIONS LTD           UNIT 11, HONLEY BUSINESS CENTRE, HONLEY, HUDDERSFIELD, HD7 2QB
     RSM001  R.S.MACHINE TOOLS              MACHINERY CENTRE, DENMORE PLACE, DENMORE IND. ES, TATE, BRIDGE OF DON, ABERDEEN
     RUG001  RUG DOCTOR LTD.                UNIT 29, TIMBERLAINE TRADING ESTATE, DECOY ROAD, WORTHING, WEST SUSSEX
     RUS001  A & E RUSSELL LTD              88 HYDEPARK STREET, GLASGLOW, G3 8BW
     SAF001  SAFEGUARD EUROPE               REDKILN CLOSE, REDKILN WAY, HORSHAM, WEST SUSSEX, RH13 5QL
     SAF002  SAFETY SHOP / SIGNS + LABELS   CORRIE WAY, DOUGLAS BRUCE HOUSE, BREDBURY INDUSTRIAL PARK, STOCKPORT, SK6 2RR
     SAM001  SAMSON FIRE LTD                SPRINGFIELD MILL, PENISTONE ROAD, KIRKBURTON, HUDDERSFIELD, HD8 0PE
     SAN001  SANDHURST PLANT LTD            THAMES HOUSE, COLLEGE ROAD, NORTHFLEET, KENT, DA11 9AU
     SAS001  SAS (BRADFORD) LTD             93A OLD ROAD, HORTON BANK TOP, BRADFORD, BD7 4ND
     SCK001  S.C.K.N. TRANSFORMERS LTD      SPAWD BONE LANE, KNOTTINGLEY, WF11 0JG
     SCO001  SCOTTISH POWER                 
     SED001  SEDDONS (PLANT & ENG) LTD      PO BOX 41, PLODDER LANE, BOLTON, BL4 0LS
     SEL001  SPECIALIST EQUIPMENT LTD       18 DERWENT ROAD, HONLEY, HUDDERSFIELD, HD9 6HS
     SEN001  POPPERS SENCO UK LTD           630 EUROPA BOULEVARD, GEMINI BUSINESS PARK, WARRINGTON, WA5 7YH
     SER001  SERVER START LTD               DALTON HOUSE,, 60 WINDSOR AVENUE,, LONDON, SW19 2RR
     SER003  SERVERTEAM LTD                 RICHARDSHAW BUISSNESS CENTRE, RICHARDSHAW ROAD, PUDSEY, LS28 6RW
     SEV001  SEV GROUP LTD                  HOUGHTON ROAD, NORTH ANSTON TRADING EST, SHEFFIELD, S25 4JJ
     SEV002  SEVERNTRENT TALKS              WATERWORKS ROAD, EDGBASTON, BIRMINGHAM, B16 9DD
     SGH001  SGH SUPPLIES                   
     SHA001  SHARPE HYDRAULIC SERVICES      THE GATE HOUSE, UNIT 4 BLACKBROOK WAY, STAINLAND ROAD, GREETLAND HALIFAX, HX4 8ED
     SHI001  SHIRE LEASING PLC              1 CALICO BUSINESS PARK, SANDY, WAY, AMINGTON, TAMWORTH, STAFF, ORDSHIRE, B77 4BF
     SIG001  SIGNS & LABELS LTD             DOUGLAS BRUCE HOUSE, CORRIE WAY, BREDBURY IND PARK, STOCKPORT, SK6 2RR
     SIG002  SIG FIXINGS                    71 GELDERD ROAD, LEEDS, LS12 6HF
     SIL001  SILOM INTERNATIONAL LTD        UNIT 6, ABBEY PARK IND EST, ABBEY ROAD, BARKING, ESSEX   IG11 7BT
     SIM001  PETER SIMPSON                  CLEANING MATS
     SIP001  SIP (IND PRODUCTS) LTD         GELDERS HALL ROAD, SHEPSHED, LOUGHBOROUGH, LE12 9NH
     SKE001  SKEGZONE                       46A HIGH STREET, SKEGNESS, LINCOLNSHIRE, PE25 3NW
     SKY001  SKYFLEET LTD                   BELL HOUSE, BELL LANE, BIDDENDEN, KENT, TN27 8LD
     SNI001  SNICKERS ORIGINAL LTD          UNIT N3 GATE 4, MELTHAM MILLS IND EST, KNOWLE LANE, MELTHAM, HUDDERSFIELD HD7 3DS
     SOG001  SOGO TOOLS                     PEEL PARK PLACE, EAST KILBRIDE, G74 5LS
     SOV001  SOVEREIGN CHEM IND LTD         BARROW IN FURNESS, CUMBRIA, LA14 4QU
     SPE001  SPEEDY HIRE CENTRES LTD        LOCKWOOD ROAD, HUDDERSFIELD, HD1 3QU
     SPE002  SPECIALISED AEROSOLS           CARR GREEN LANE, MAPPLEWELL, BARNSLEY, SOUTH YORKSHIRE, S75 6DY
     SPE003  SPECTRUM PLANT LTD             ATLANTIC STREET, ALTRINCHAM, WA14 5DN
     SPO001  SPOTNAILS LTD                  UNIT 21, PANTGLAS INDUSTRIAL, ESTATE,BEDWAS, CAERPHILLY, CF83 8DR
     STE001  STEINWEG UK LTD                12 MARSHBROOK CLOSE, ALDERMANS GREEN, COVENTRY, CV2 2NW
     STE002  STEPHILL GENERATORS LTD        WALLIS CLOSE, PARK FARM SOUTH, WELLINGBOROUGH, NORTHANTS, NN8 6AG
     STE003  STEINEL (UK) LTD               25 MANASTY ROAD, AXIS PARK, ORTON SOUTHGATE, PETERBOROUGH, PE2 6UP
     STI001  STIHL                          STIHL HOUSE, STANHOPE ROAD, CAMBERLEY, SURREY, GU15 3YT
     STR001  STREAMLINE                     GATESHEAD CARD CENTRE, PO BOX 27, VICTORY HOUSE, FIFTH AVE  GATESHEAD NE8 1HJ
     SUI001  SUITABLE SPARES                10 WESTHALL CLOSE, BREWOOD, STAFFS, ST19 9EY
     SUM001  SUMNER MANUFACT. UK LTD        UNIT 16A, BLACKPOLE TRADIND EST EAST, BLACKPOLE ROAD, WORCESTER, WR3 8SG
     SUN001  SUNWIN FILLING STATIONS        SUNWIN ROVER, QUEENS ROAD, HALIFAX, HX1 3XY
     SUN002  SUNSIDE TYRE & BATTERY SERVICE SADDLEWORTH ROAD, GREETLAND, HALIFAX
     SWE001  SWEDEX (UK) LTD                UNIT 9 BRUNEL PARK IND EST, BLYTH ROAD, HARWORTH, DONCASTER, DN1 8NE
     TAG001  TAG TOOL HIRE LTD              UNIT 11 VICTORIA PARK BUS PARK, LIGHTOWLER ROAD, HALIFAX, HX1 5ND
     TAG002  TAGS TICKETS                   BUSINESS SUPPLIES DIRECTLTD, UNIT 4 DORE HOUSE, BUSINESS PARK, 19 ORGREAVE PLACE, SHEFFIELD S13 9LU
     TAL001  TALON LIFTING LTD              BROOK FORGE, HIGHTOWN ROAD, CLECKHEATON, BD19 5JS
     TAT001  GEORGE TATE & SON ENG          STEELCROFT WORKS, LEEDS ROAD, OTLEY, LS21 3BB
     TAY001  TAYLOR HYD & MECH SERVICES     36 LONG RIDGE, RASTRICK, BRIGHOUSE, HD6 3RZ
     TAY002  TAYLOR SIGNS                   UNIT 36 UNION MILLS, CROWTHERS BUSINESS PARK, FACTORY LANE, MILNSBRIDGE, HUDDS.   HD3 4NA
     TEC001  TECHNIDIAMANT                  UNIT 2, ARTHUR STREET, STANNINGLEY, LS28 6JY
     TEL001  TELEQUIP LTD                   5 ACORN BUSINESS PARK, NORTHARBOUR ROAD, COSHAM, PO6 3TH
     TEN001  TEN MEDIA LTD                  UNIT 5A, FURNESS DRIVE, POULTON BUSINESS PARK, POULTON-LE FYLDE, BLACKPOOL, FY6 8JS
     TER001  TERRATRUCK                     34/36 GIPSY LANE, LEICESTER, LE4 6TD
     TER002  TEREX GLOBAL GmbH              MUHLENSTRASSE 26, SCHAFFHAUSEN 8200, SWITZERLAND
     THO001  THOMAS POTTER LTD              PO BOX 9, INDUSTRY ROAD, HEATON, NEWCASTLE UPON TYNE, NE6 5TZ
     THO002  THOMPSON DIRECTORIES           
     THO003  THOMAS WRIGHT/THORITE GROUP    6 BARGE STREET, HUDDERSFIELD, HD1 3LN
     THO004  THOMAS HIGGINS & CO            SOLICITORS, CAPITOL BUILDINGS, 10 SEAVIEW ROAD, WALLASEY, CH45 4TH
     TIM001  TIMOTHY WOOD LTD               UNITS 1&2, BRADLEY MILLS IND EST, HUDDERSFIELD, HD1 6PQ
     TIM002  T I MIDWOOD & CO LTD           GREEN LANE, WARDLE, NANTWICH, CW5 6BJ
     TNC001  TNC MANAGEMENT LTD             T/A TNC COLLECTIONS, PORTLAND HOUSE, ALBION STREET, CHELTENHAM, GL52 2LG
     TOO001  TOOLBANK                       CURTIS HOLT (NORTHERN), UNIT 5 CHAIN BAR ROAD, CLECKHEATON, BD19 3QF
     TOO002  TOOLPAK PLC                    RHOSDDU IND EST, WREXHAM, LL11 4YL
     TOP001  TOP SERVICE LTD                93 HEMMING ROAD, WASHFORD IND. EST., REDDITCH, B98 0EA
     TOR001  TORNADO FIXINGS LTD            BELGRAVE WORKS, DONISTHORPE STREET, LEEDS, LS10 1PL
     TOU001  TO YOUR HOME LTD               40 MIDWAY,SOUTH CROSLAND, HUDDERSFIELD, WEST YORKSHIRE, HD4 7DA
     TOW001  TOWER SALES LTD                126 WHITEHALL ROAD, LEEDS, LS12 1DG
     TOW002  TOWN HYDRAULIC SERV LTD        UNIT 7B RIVERSIDE WORKS, BRADLEY MILLS ROAD, HUDDERSFIELD, HD1 6PQ
     TOW003  TOWN TYRES & AUTO CARE LTD     MANCHESTER ROAD, COWLERSLEY, HUDDERSFIELD, HD4 5TB
     TRA001  TRACMASTER                     TEKNOL HOUSE, VICTORIA ROAD, BURGESS HILL, RH15 9LH
     TRA002  TRACTEL UK LTD                 OLD LANE, HALFWAY, SHEFFIELD, S20 3GA
     TRA003  TRANS-WEB LTD                  72-76 MANCHESTER STREET, OLDHAM, OL9 6EF
     TRU001  TRUPOWER LTD                   PLANT AND TOOL REPAIRS, 71 GELDERD ROAD, LEEDS, LS12 6HF
     TTP001  TT PUMPS LTD                   ONNELEY WORKS, NEWCASTLE ROAD, WOORE, CHESHIRE, CW3 9RU
     TYR001  TYROLIT LTD                    ELDON CLOSE, CRICK, NORTHANTS NN6 7UD
     UNI001  UNITED COOPERATIVES LIMITED    1ST FLOOR OFFICE, WYKE DISTRICT CENTRE, TOWMGATE, WYKE, BD12 9JF
     UNI002  UNIVERSAL DRILL & CUT LTD      43 CATLEY ROAD, DARNALL, SHEFFIELD, S9 5JF
     VEO001  VEOLIA ES (UK) LTD             KINGSWOOD HOUSE, KINGSWOOD CRESCENT, CANNOCK, STAFFS, WS11 8JP
     VIK001  VIKING DIRECT                  PO BOX 279, LEICESTER, LE4 1FZ
     VIN001  VINE PROPERTY MAN LLP          5 VINE TERRACE, HIGH STREET, HARBORNE, BIRMINGHAM, B17 9PU
     VOD001  VODAFONE RETAIL LTD            PEMBROKE HOUSE, BANBURY BUSINESS PARK, AYNHO ROAD, ADDERBURY, OXON   OX17 3NS
     WAC001  WACKER NEUSON LTD              LEA ROAD, WALTHAM CROSS, HERTS., EN9 1AW
     WAL001  WALKER SINGLETON               PROPERTY HOUSE, LISTER LANE, HALIFAX, HX1 5AS
     WAL002  WALKER METALWORK (ELLAND)LTD   CASTLE MILLS, SADDLEWORTH ROAD, ELLAND, WEST YORKSHIRE, HX5 0RY
     WAT001  WATTS OPTRONICS                UNIT 10, LONGLANDS TRADING EST, WAKEFIELD ROAD, OSSETT, WF5 9JE
     WAT002  WATTS & ASSOCIATES LTD         CARLTON INDUSTRIAL ESTATE, BARKSTON ROAD, BARNSLEY, S71 3HU
     WES001  SENTRIBOX LTD                  WOODLAND HOUSE, WOODLAND PARK,, BRADFORD, WEST YORKSHIRE BD19 6BW
     WGO001  WG OFFICE SUPPLIES LIMITED     UNIT 3, CRAYFORD INDUSTRIAL ESTATE, SWAISLAND DRIVE, CRAYFORD KENT, DA1 4HS
     WHE001  WHEELSBROOK SERVICES LTD       13-17 HOLLOWGATE, HOLMFIRTH, HD9 2DG
     WIL001  WILLPRINT                      THE OLD BARN, SKIRCOAT GREEN, HALIFAX, HX3 0RX
     WIL002  WILSON ACCESS HIRE             UNIT 3 MOUNT WORKS, QUEBEC STREET, ELLAND, HX5 9AN
     WIL003  BOB WILD GRASS MACHINERY LTD   UNIT 7 & 8 WHITE LEE, MYTHOLMROYD HEBDEN BRIDGE, HX7 5AD
     WMM001  W M MARKETING LTD              
     WRE001  W R E S LTD                    ACAN WAY, COVENTRY ROAD, NARBOROUGH, LE9 5GW
     WRJ001  W R JIGS LTD                   25 HAINSWORTH MOOR GROVE, QUEENSBURY, BRADFORD, BD13 2ND
     WUR001  WURTH UK LTD                   1 CENTURION WAY, EIRTH, KENT, DA18 4AE
     YAL001  YALE IND PRODUCTS LTD          3D HORTONWOOD 10, TELFORD, TF1 4ES
     YEB001  YORKSHIRE ELECTRICITY          PBXG2, LEEDS, LS15 8TB
     YEL001  YELLOW PAGES                   
     YES001  YORKS EQUIP SALES LTD          WHARF STREET, SHIPLEY, BD17 7DW
     YES002  YES TELECOM                    P O BOX 74, MANCHESTER, M19 2XX
     YFH001  YORKSHIRE FENCE HIRE LTD       UNIT 37/37A, HEADWAY BUSIINESS CENTRE, KNOWLES LANE, DUDLEY HILL, BRADFORD   BD4 9SW
     YMW001  YORKSHIRE MOWER WORLD LTD      UNIT 11, THE RINGWAY CENTRE, BECK ROAD, HUDDERSFIELD, HD1 5DG
     YOK001  YOKOTA UK LTD                  LOW COMMON ROAD, BROOKLANDS PARK IND ESTATE, DINNINGTON, SHEFFIELD, SOUTH YORKSHIRE
     YOR001  YORKSHIRE HOIST LTD            WOODLANDS, DALE STREET, LONGWOOD, HUDDERSFIELD, HD3 4TG
     YOR002  YORKSHIRE HORTICULTURAL        SERVICES LTD, 52 MANOR PARK, MIRFIELD, WEST YORKSHIRE, WF14 OEP
     YOU001  YOU CAN HIRE LTD               YOU CAN BUILDING, GELDERD ROAD, BIRSTALL, LEEDS, WF17 9LS
     YOU002  YOUNGMAN GROUP                 THE CAUSEWAY, MALDEN, ESSEX, CM9 4LJ
     YPS001  YORKS PNEUMATIC SERVICES LTD   NEWHAVEN BUSINESS PARK, MILNSBRIDGE, HUDDERSFIELD, HD3 4HS
     YSS001  YORKSHIRE SPRAY SERVICES       2 THORNCLIFFE PARK, THORNCLIFFE ROAD, BRADFORD, BD8 7DD
     YWA001  YORKSHIRE WATER                PO BOX 52, BROADACRE HOUSE, BRADFORD, BD1 5RQ
     ZAR001  ZARGES (UK) LTD                8 HOLDOM AVE, SAXON PARK IND EST, BLECHLEY, MILTON KEYNES, MK1 1QU
     ZEN001  ZENITH SURVEY EQUIP LTD        PARAGON HOUSE, 33 CHURCH STREET, OSSETT, WF5 9DN
     ZIG001  ZIG ZAG ACCESS LTD             174A GELDERD ROAD, LEEDS, LS12 6BZ
     NEO0001 NEOPOST UK                     